id,channel_sales,cons_12m,cons_gas_12m,cons_last_month,date_activ,date_end,date_modif_prod,date_renewal,forecast_cons_12m,forecast_cons_year,forecast_discount_energy,forecast_meter_rent_12m,forecast_price_energy_off_peak,forecast_price_energy_peak,forecast_price_pow_off_peak,has_gas,imp_cons,margin_gross_pow_ele,margin_net_pow_ele,nb_prod_act,net_margin,num_years_antig,origin_up,pow_max,var_year_price_off_peak_var,var_year_price_peak_var,var_year_price_mid_peak_var,var_year_price_off_peak_fix,var_year_price_peak_fix,var_year_price_mid_peak_fix,var_year_price_off_peak,var_year_price_peak,var_year_price_mid_peak,var_6m_price_off_peak_var,var_6m_price_peak_var,var_6m_price_mid_peak_var,var_6m_price_off_peak_fix,var_6m_price_peak_fix,var_6m_price_mid_peak_fix,var_6m_price_off_peak,var_6m_price_peak,var_6m_price_mid_peak,churn
b96aa3a8655203318c6b853dbdb0ceb7,foosdfpfkusacimwkcsosbicdxkicaua,88178,0,6094,1/15/2010,2/14/2016,9/14/2013,2/16/2015,9070.33,6094,0,145.41,0.115744,0.098858,40.606701,f,611.08,32.88,32.88,1,719.37,6,lxidpiddsbxsbosboudacockeimpuepw,33,1.581488208333324e-05,3.957494204545454e-06,1.8662810606060787e-06,0.004021438,0.001447718,0.00064343,0.004037253,0.001451675,0.000645296,1.1100320166666669e-05,2.89676016666666e-06,4.860000000000553e-10,0,0,0,1.1100320166666669e-05,2.89676016666666e-06,4.860000000000553e-10,1
54a77b7ec412ca7133750d2cb2a24096,ewpakwlliwisiwduibdlfmalxowmwpci,22333,0,2237,11/17/2010,11/17/2016,5/24/2015,11/18/2015,2377.86,2237,0,143.04,0.1152369999999999,0.100123,40.606701,f,226.86,9.93,9.93,1,234.39,5,kamkkxfxxuwbdslkwifmmcsiusiuosws,52.5,2.0256293901515172e-05,5.133817356060805e-06,1.42935151515153e-07,0,0,0,2.0256293901515172e-05,5.133817356060805e-06,1.42935151515153e-07,1.1891369500000011e-05,2.7844327000001135e-06,1.8604106666666445e-07,0,0,0,1.1891369500000011e-05,2.7844327000001135e-06,1.8604106666666445e-07,0
0f7487e3c557be9c77570e11ce572454,foosdfpfkusacimwkcsosbicdxkicaua,31653,0,124,3/5/2011,3/5/2016,3/5/2011,3/6/2015,82.03,124,0,129.6,0.120372,0.103487,40.606701,f,12.19,108.9,108.9,1,10.32,5,lxidpiddsbxsbosboudacockeimpuepw,48,1.5457422424242437e-05,3.7207544469697068e-06,1.7770272954544877e-06,0.005428942,0.001954419,0.000868631,0.005444399,0.00195814,0.000870408,1.1100320166666622e-05,2.896760166666666e-06,4.859999999979745e-10,0,0,0,1.1100320166666622e-05,2.896760166666666e-06,4.859999999979745e-10,0
17e84c1bc19211777dfbb1cca8af94fc,foosdfpfkusacimwkcsosbicdxkicaua,463646,0,40551,6/22/2013,10/9/2016,10/9/2013,10/11/2015,2858.82,0,0,117.54,0.1152369999999999,0.100123,40.606701,f,0,11.04,11.04,1,372.55,3,lxidpiddsbxsbosboudacockeimpuepw,33,1.4954563787878832e-05,2.4919993560606203e-06,1.8944723863636302e-06,0.005428835,0.001954466,0.000868699,0.00544379,0.001956958,0.000870593,9.624758666666688e-06,2.943237766666682e-06,2.822335499999971e-06,0.007962096,0.002866636,0.001274217,0.007971721,0.002869579,0.001277039,0
b664719a6cbb1966d9987c3f6ec6d209,foosdfpfkusacimwkcsosbicdxkicaua,10602,0,951,3/13/2012,3/13/2016,3/13/2012,3/16/2015,1122.03,951,0,129.61,0.120372,0.103487,40.606701,f,98.66,36.22,36.22,1,137.56,4,lxidpiddsbxsbosboudacockeimpuepw,20,1.5457422424242437e-05,3.7207544469697068e-06,1.7770272954544877e-06,0.005428942,0.001954419,0.000868631,0.005444399,0.00195814,0.000870408,1.1100320166666622e-05,2.896760166666666e-06,4.859999999979745e-10,0,0,0,1.1100320166666622e-05,2.896760166666666e-06,4.859999999979745e-10,0
d8e589d515b7c905bb73eece1d8781d8,foosdfpfkusacimwkcsosbicdxkicaua,21553,0,0,4/9/2013,4/9/2016,4/9/2013,4/12/2015,3213.49,0,0,16.09,0.144149,0,44.31137796,f,0,19.28,19.28,1,301.91,3,lxidpiddsbxsbosboudacockeimpuepw,10.392,4.117320696969648e-06,0,0,0.007661891,0,0,0.007666009,0,0,3.318240666666697e-06,0,0,0,0,0,3.318240666666697e-06,0,0,1
a20ef5d293e20e3d9e9f60cf2be3ce63,MISSING,348859,0,53135,12/20/2010,12/20/2016,12/20/2010,12/21/2015,2767.31,2368,0,142.63,0.1165089999999999,0.101397,40.606701,f,218.34,4.46,4.46,1,364.43,5,ldkssxwpmemidmecebumciepifcamkci,100,1.7659600265151483e-05,4.608482083333329e-06,7.731818181818558e-10,3.4363636433613883e-12,1.848000001321932e-12,8.797090905166813e-12,1.7659603701515127e-05,4.608483931333331e-06,7.819789090870227e-10,1.1100320166666622e-05,2.8967601666666442e-06,4.860000000000553e-10,0,0,0,1.1100320166666622e-05,2.8967601666666442e-06,4.860000000000553e-10,0
413f4bf21686876dd0d9a2bf0cc5ba1f,foosdfpfkusacimwkcsosbicdxkicaua,7314,0,1542,5/28/2012,5/28/2016,5/28/2012,5/29/2015,1094.82,1542,0,18.32,0.1457109999999999,0,44.31137796,f,226.96,27.69,27.69,1,111.5,4,lxidpiddsbxsbosboudacockeimpuepw,15,4.2324387500000446e-06,0,0,0.008380194,0,0,0.008384426,0,0,3.3182406666666172e-06,0,0,0,0,0,3.3182406666666172e-06,0,0,0
3bd97d79feb083b315baa9545c76c84d,foosdfpfkusacimwkcsosbicdxkicaua,1129316,0,79977,12/17/2011,12/17/2016,12/17/2011,12/20/2015,1346.17,1174,0,129.24,0.1165089999999999,0.101397,40.606701,f,117.71,2.46,2.46,1,172.91,4,lxidpiddsbxsbosboudacockeimpuepw,19.72,1.7659600265151073e-05,4.608482083333368e-06,7.731818181818558e-10,3.4363636433613883e-12,1.848000001321932e-12,8.797090905166813e-12,1.7659603701514717e-05,4.6084839313333696e-06,7.819789090870227e-10,1.1100320166666352e-05,2.896760166666666e-06,4.860000000000553e-10,0,0,0,1.1100320166666352e-05,2.896760166666666e-06,4.860000000000553e-10,1
cb5171895e4a15e2c72cbbd7cf054cbf,foosdfpfkusacimwkcsosbicdxkicaua,11399,0,1105,5/26/2011,4/1/2016,4/1/2014,4/2/2015,2158.81,1105,24,14.44,0.186188,0,45.80687796,f,206.39,37.56,37.56,1,864.94,5,lxidpiddsbxsbosboudacockeimpuepw,12.5,4.8680592424242265e-06,0,0,3.8181818111259284e-13,0,0,4.868059624242407e-06,0,0,3.3182406666666172e-06,0,0,0,0,0,3.3182406666666172e-06,0,0,0
b50576e9fd15d9fa7e550be0f19fbf9e,foosdfpfkusacimwkcsosbicdxkicaua,162691,0,18860,1/6/2011,1/6/2017,1/6/2011,1/7/2016,7603.69,9069,0,130.68,0.115744,0.098858,40.606701,f,836.8,16.32,16.32,1,677.58,5,lxidpiddsbxsbosboudacockeimpuepw,16.4,1.7475382242424278e-05,4.521764083333344e-06,3.593364469696786e-07,3.4363636433613883e-12,1.848000001321932e-12,8.797090905166813e-12,1.7475385678787922e-05,4.521765931333345e-06,3.5934524406058377e-07,1.1100320166666669e-05,2.896760166666666e-06,4.85999999998534e-10,0,0,0,1.1100320166666669e-05,2.896760166666666e-06,4.85999999998534e-10,0
063acc614e176cf9edb486d267a90097,MISSING,158223,188601,17754,4/10/2010,4/10/2016,9/16/2013,4/12/2015,5658.04,9471,0,129.26,0.114481,0.098142,40.606701,t,940.24,35.81,35.81,3,580.06,6,lxidpiddsbxsbosboudacockeimpuepw,40,1.851790717424239e-05,3.969120628787912e-06,1.2865480909090943e-06,0.006434301,0.002316348,0.001029488,0.006452819,0.002320318,0.001030775,1.1100320166666681e-05,2.896760166666666e-06,4.860000000000553e-10,0,0,0,1.1100320166666681e-05,2.896760166666666e-06,4.860000000000553e-10,0
cd2ac5886d344c93b3a2358e4604e1fe,usilxuppasemubllopkaafesmlibmsdf,84410,186857,7891,12/2/2011,12/2/2016,11/17/2014,12/3/2015,3166.13,3007,0,132.13,0.1165089999999999,0.101397,40.606701,t,302.49,0.7999999999999989,0.7999999999999989,4,396.63,4,kamkkxfxxuwbdslkwifmmcsiusiuosws,17.25,1.5849543719696853e-05,4.0271147499999935e-06,6.859529696969701e-07,0,0,0,1.5849543719696853e-05,4.0271147499999935e-06,6.859529696969701e-07,1.0925039366666664e-05,3.4937982999999984e-06,1.3936394666666648e-06,0,0,0,1.0925039366666664e-05,3.4937982999999984e-06,1.3936394666666648e-06,0
78b67084b27f0d33429985d7a1fd6258,lmkebamcaaclubfxadlmueccxoimlema,2887,0,0,1/8/2013,1/8/2017,1/8/2013,1/10/2016,436.45,0,0,14.91,0.146694,0,44.31137796,f,0,34.68,34.68,1,49,3,kamkkxfxxuwbdslkwifmmcsiusiuosws,13.856,5.551029424242396e-06,0,0,3.490909143860595e-13,0,0,5.55102977333331e-06,0,0,3.318240666666697e-06,0,0,0,0,0,3.318240666666697e-06,0,0,0
ac9b40690cdc78263fecc452bd92c227,MISSING,8647,0,829,1/28/2010,1/28/2016,1/28/2010,1/30/2015,399.54,389,0,129.6,0.1169,0.1000149999999999,40.606701,f,37.53,51.96,51.96,1,45.47,6,lxidpiddsbxsbosboudacockeimpuepw,20.785,1.6932330992424437e-05,4.325510333333314e-06,8.703760227272753e-07,3.5345454611412245e-12,1.9008000004388433e-12,9.048436369638685e-12,1.69323345269699e-05,4.325512234133314e-06,8.70385071163645e-07,1.1100320166666693e-05,2.89676016666666e-06,4.860000000000553e-10,0,0,0,1.1100320166666693e-05,2.89676016666666e-06,4.860000000000553e-10,0
4d4a8d5a884e49e2a8f7994b21a3cb18,lmkebamcaaclubfxadlmueccxoimlema,10,0,0,6/9/2011,6/9/2016,6/9/2011,6/21/2015,1.52,0,0,6.67,0.1457109999999999,0,44.31137796,f,0,21.52,21.52,1,0.16,5,kamkkxfxxuwbdslkwifmmcsiusiuosws,13.2,4.001166969696951e-06,0,0,0.008619667,0,0,0.008623668,0,0,3.3182406666666172e-06,0,0,0,0,0,3.3182406666666172e-06,0,0,0
d26bcf1a3e3f6252b9812903f402dcf1,ewpakwlliwisiwduibdlfmalxowmwpci,5682,0,0,3/8/2011,3/8/2016,3/8/2011,3/9/2015,853.4,0,0,17.35,0.1458839999999999,0,44.31137796,f,0,23.76,23.76,1,82.52,5,ldkssxwpmemidmecebumciepifcamkci,10.392,4.164686151514982e-06,0,0,0.006464721,0,0,0.006468885,0,0,3.3182406666665465e-06,0,0,0,0,0,3.3182406666665465e-06,0,0,0
d44fcb35df8f88e9032ad52678d060a3,foosdfpfkusacimwkcsosbicdxkicaua,1017579,187578,120936,6/14/2011,6/14/2016,6/14/2011,6/23/2015,100.27,125,0,146.81,0.115174,0.098837,40.606701,t,11.86,47,47,2,14.59,5,lxidpiddsbxsbosboudacockeimpuepw,29.7,1.6359509356060575e-05,2.6477320833333143e-06,2.4367993636363674e-06,0.007238536,0.002605915,0.001158208,0.007254895,0.002608563,0.001160645,1.1100320166666681e-05,2.896760166666548e-06,4.860000000000553e-10,0,0,0,1.1100320166666681e-05,2.896760166666548e-06,4.860000000000553e-10,0
327e887296aa77019b4954c6bb0a8cc3,foosdfpfkusacimwkcsosbicdxkicaua,16605,227049,2000,1/12/2010,2/9/2016,1/12/2010,2/11/2015,1694.72,2000,0,132.19,0.1169,0.1000149999999999,40.606701,t,200.09,24.72,24.72,2,183.25,6,kamkkxfxxuwbdslkwifmmcsiusiuosws,16.5,1.5812320265151388e-05,3.957295113636379e-06,1.8716015151515178e-06,0.004021438,0.001447718,0.00064343,0.004037251,0.001451675,0.000645302,1.1100320166666669e-05,2.896760166666666e-06,4.860000000000553e-10,0,0,0,1.1100320166666669e-05,2.896760166666666e-06,4.860000000000553e-10,0
6f062ee9f3f8b2a404078abb4cd85510,lmkebamcaaclubfxadlmueccxoimlema,2502,0,0,6/11/2012,6/11/2016,6/11/2012,6/14/2015,375.75,0,0,19.51,0.1457109999999999,0,44.31137796,f,0,22.52,22.52,1,35.96,4,ldkssxwpmemidmecebumciepifcamkci,13.856,4.001166969696951e-06,0,0,0.008619667,0,0,0.008623668,0,0,3.3182406666666172e-06,0,0,0,0,0,3.3182406666666172e-06,0,0,0
9cdfb70886ecb55f8a8620af8a99a722,foosdfpfkusacimwkcsosbicdxkicaua,92718,0,7895,9/9/2009,9/9/2016,9/9/2009,9/10/2015,8796.43,7895,0,145.77,0.113323,0.096984,40.606701,t,735.06,14.94,14.94,2,848.79,6,lxidpiddsbxsbosboudacockeimpuepw,55,2.343310753787864e-05,7.002367424242475e-06,2.4057818181827766e-08,0.005428835,0.001954466,0.000868699,0.005452268,0.001961468,0.000868723,1.5367936166666696e-05,4.7724322666666575e-06,4.013760000000575e-08,0.007962096,0.002866636,0.001274217,0.007977464,0.002871408,0.001274257,0
d8711ce9aef0a42cf24b1e65da32fe3f,foosdfpfkusacimwkcsosbicdxkicaua,597,0,0,12/1/2009,12/1/2016,11/1/2015,12/2/2015,74.51,0,0,13.64,0.16304,0.084395,46.30537836,f,0,20.54,20.54,1,20.73,6,kamkkxfxxuwbdslkwifmmcsiusiuosws,10.392,1.4954211878787913e-05,4.479536931818177e-06,0,3.8181818111259284e-13,0,0,1.4954212260606094e-05,4.479536931818177e-06,0,1.2192241066666633e-05,5.630343899999998e-06,0,0,0,0,1.2192241066666633e-05,5.630343899999998e-06,0,0
215fcb61cd9905b5e605b292666975d9,foosdfpfkusacimwkcsosbicdxkicaua,64516,21201,3764,3/22/2013,3/22/2016,6/25/2014,3/23/2015,4766.96,3764,0,145.03,0.1186359999999999,0.10175,40.606701,t,376.57,22.44,22.44,2,530.16,3,ldkssxwpmemidmecebumciepifcamkci,15.001,1.6397427606060223e-05,4.338392363636343e-06,2.1743535378789214e-06,0,0,0,1.6397427606060223e-05,4.338392363636343e-06,2.1743535378789214e-06,1.1100320166666312e-05,2.8967601666666442e-06,4.860000000000553e-10,0,0,0,1.1100320166666312e-05,2.8967601666666442e-06,4.860000000000553e-10,1
33e5a46305e282aef856ef00fee02e2c,foosdfpfkusacimwkcsosbicdxkicaua,67923,14693,4898,9/14/2012,2/4/2016,2/4/2014,2/5/2015,6714.09,4898,0,147.79,0.112852,0.095965,40.606701,t,469.1,19.92,19.92,2,571.66,3,lxidpiddsbxsbosboudacockeimpuepw,20,1.6849395719697296e-05,4.312905000000015e-06,9.991952727272685e-07,3.4363636433613883e-12,1.848000001321932e-12,8.797090905166813e-12,1.684939915606094e-05,4.312906848000017e-06,9.992040698181736e-07,1.110032016666691e-05,2.896760166666666e-06,4.860000000000553e-10,0,0,0,1.110032016666691e-05,2.896760166666666e-06,4.860000000000553e-10,0
270835591aad4b5231d23fb7bdcd3bcf,MISSING,6383,0,1116,1/21/2010,1/21/2017,11/16/2015,1/22/2016,958.79,1116,0,16.26,0.145541,0,44.31137796,f,163.87,34.68,34.68,1,101.81,6,kamkkxfxxuwbdslkwifmmcsiusiuosws,13.856,8.091518636363664e-06,0,0,3.490909143860595e-13,0,0,8.091518985454578e-06,0,0,5.035648666666711e-06,0,0,0,0,0,5.035648666666711e-06,0,0,0
d766f436878bdf7c211ad1546e4357e9,usilxuppasemubllopkaafesmlibmsdf,7042,0,0,11/23/2011,11/23/2016,11/23/2011,11/24/2015,1058.3,0,0,19.49,0.147506,0,45.80687796,f,0,22.89,22.89,1,102.08,4,kamkkxfxxuwbdslkwifmmcsiusiuosws,13.856,4.775758810606049e-06,0,0,0.23457868867998163,0,0,0.23458346443879224,0,0,3.2313785666666916e-06,0,0,0.46915762139999995,0,0,0.4691608527785666,0,0,0
38ff1f75487719c54ba3d4a46f9ee244,lmkebamcaaclubfxadlmueccxoimlema,19704,45795,1466,12/8/2010,12/8/2016,11/17/2014,12/9/2015,1991.63,1466,0,128.19,0.1165089999999999,0.101397,40.606701,t,147.9,60.84,60.84,3,66.87,5,lxidpiddsbxsbosboudacockeimpuepw,25,1.5014611537879075e-05,3.503692628787882e-06,4.4111836363635914e-07,3.4363636433613883e-12,1.848000001321932e-12,8.797090905166813e-12,1.5014614974242719e-05,3.5036944767878832e-06,4.411271607272643e-07,9.939616566666925e-06,2.7136117666666796e-06,7.980827999999983e-07,0,0,0,9.939616566666925e-06,2.7136117666666796e-06,7.980827999999983e-07,0
a29ad433a1585b364e5485ec55b6bbc3,MISSING,15803,0,0,1/1/2010,1/1/2017,1/1/2010,1/2/2016,461.63,0,0,16.48,0.1458839999999999,0,44.31137796,f,0,37.56,37.56,1,45.07,6,kamkkxfxxuwbdslkwifmmcsiusiuosws,15,3.740125424242472e-06,0,0,0.008380258,0,0,0.008383998,0,0,2.4858406666666936e-06,0,0,0.005267621,0,0,0.005270107,0,0,0
be272db990d3604a49a54887dfa904f4,foosdfpfkusacimwkcsosbicdxkicaua,10930,0,3227,7/14/2009,7/14/2016,7/14/2009,7/15/2015,777.96,1578,0,16.68,0.165793,0.088539,44.31137796,f,217.04,14.57,14.57,1,59.82,7,ldkssxwpmemidmecebumciepifcamkci,10.35,1.5413048106060538e-06,2.1011202651515247e-06,0,0.008380226,0,0,0.008381767,2.1011202651515247e-06,0,9.688201666666757e-07,1.3207041666666778e-06,0,0.005267621,0,0,0.00526859,1.3207041666666778e-06,0,0
6187a71186583ed2457d182b00b632c5,ewpakwlliwisiwduibdlfmalxowmwpci,15150,0,4700,3/16/2013,3/16/2016,3/16/2013,3/17/2015,1637.98,4700,0,10.37,0.1640579999999999,0.086163,44.31137796,f,494.42,29.76,29.76,1,134.5,3,lxidpiddsbxsbosboudacockeimpuepw,14.49,4.765414265151722e-06,9.423023863636356e-07,0,0.006464721,0,0,0.006469486,9.423023863636356e-07,0,3.5697306666668025e-06,9.450150000000092e-08,0,0,0,0,3.5697306666668025e-06,9.450150000000092e-08,0,0
6ae7e4a3bdf96abb7783b342378ca5fc,MISSING,3251,0,0,9/15/2010,9/15/2016,9/15/2010,9/16/2015,487.33,0,0,16.44,0.1457109999999999,0,44.31137796,f,0,10.08,10.08,1,47.33,5,ldkssxwpmemidmecebumciepifcamkci,10.392,4.391109356060598e-06,0,0,0.006464779,0,0,0.00646917,0,0,2.842930166666625e-06,0,0,0.009481719,0,0,0.009484561,0,0,0
cfc1377e09c9866fae771bb4180f026a,ewpakwlliwisiwduibdlfmalxowmwpci,4077,0,668,7/9/2010,7/9/2016,5/23/2015,7/10/2015,601.62,668,0,16.89,0.142822,0,44.31137796,f,96.52,15.5,15.5,1,59.37,6,kamkkxfxxuwbdslkwifmmcsiusiuosws,11,7.971528992424199e-06,0,0,0.008380226,0,0,0.008388197,0,0,2.3688166666666405e-06,0,0,0.005267621,0,0,0.00526999,0,0,0
d4a84ff4ec620151ef05bdef0cf27eab,MISSING,16163,0,1474,8/1/2009,8/1/2016,8/1/2009,8/2/2015,1739.46,1474,0,0,0.115174,0.098837,40.606701,f,155.19,12.9,12.9,1,181.75,6,kamkkxfxxuwbdslkwifmmcsiusiuosws,20.7,1.6444611174242435e-05,2.7590520833333404e-06,2.1628199696969702e-06,1.1113172712318367,49.51443841351841,22.006418503177944,1.111333715843011,49.51444117257049,22.006420665997915,1.0351424166666688e-05,1.917144166666672e-06,2.4115046666666737e-06,0.007077419,0.002548121,0.001132637,0.00708777,0.002550038,0.001135049,0
1d4a665170914d996d3fb78069495516,foosdfpfkusacimwkcsosbicdxkicaua,51558,0,0,10/24/2012,11/18/2016,11/18/2015,10/25/2015,3469.21,0,0,17.27,0.159815,0.081173,44.31137796,f,0,4.83,4.83,2,122.17,3,ldkssxwpmemidmecebumciepifcamkci,10.35,8.583371515151451e-06,2.3821537196969766e-06,0,0.008380239,0,0,0.008388822,2.3821537196969766e-06,0,7.11437816666663e-06,3.195788699999979e-06,0,0,0,0,7.11437816666663e-06,3.195788699999979e-06,0,1
e91f386614c13becdf81cc47fadfa2a2,foosdfpfkusacimwkcsosbicdxkicaua,1750,0,64,3/13/2012,3/13/2016,3/13/2012,3/16/2015,176.01,64,0,127.81,0.120372,0.103487,40.606701,f,6.08,37.39,37.39,1,21.87,4,lxidpiddsbxsbosboudacockeimpuepw,16.5,1.5457422424242437e-05,3.7207544469697068e-06,1.7770272954544877e-06,0.005428942,0.001954419,0.000868631,0.005444399,0.00195814,0.000870408,1.1100320166666622e-05,2.896760166666666e-06,4.859999999979745e-10,0,0,0,1.1100320166666622e-05,2.896760166666666e-06,4.859999999979745e-10,0
b5159f09fc3592f49048683fb75629da,foosdfpfkusacimwkcsosbicdxkicaua,51774,0,4095,3/10/2012,3/10/2016,3/10/2012,3/11/2015,5282.47,4095,0,130.67,0.1186359999999999,0.10175,40.606701,f,406.53,23.66,23.66,1,544.49,4,lxidpiddsbxsbosboudacockeimpuepw,26.4,1.830589626515133e-05,5.0627279015151605e-06,2.9808736363636506e-07,0.005428942,0.001954419,0.000868631,0.005447248,0.001959482,0.000868929,1.1100320166666312e-05,2.8967601666666442e-06,4.860000000000553e-10,0,0,0,1.1100320166666312e-05,2.8967601666666442e-06,4.860000000000553e-10,0
c0465e0147cc1faf14e8793a14c92cd2,foosdfpfkusacimwkcsosbicdxkicaua,38268,0,3598,9/4/2010,9/4/2016,8/27/2015,9/5/2015,2318.35,2495,0,167.76,0.114025,0.097683,40.606701,f,234.18,23.99,23.99,1,295.02,5,lxidpiddsbxsbosboudacockeimpuepw,50,2.1944134636363624e-05,5.6997311742424204e-06,1.1035159015151208e-06,0.005428835,0.001954466,0.000868699,0.005450779,0.001960166,0.000869802,1.3812351599999997e-05,3.8518325666666555e-06,2.275828966666663e-06,0.007962096,0.002866636,0.001274217,0.007975908,0.002870488,0.001276493,0
3c52cd186c318638296ed093e9cdf412,foosdfpfkusacimwkcsosbicdxkicaua,84527,0,5925,4/4/2012,4/4/2016,4/15/2015,4/5/2015,3787.85,3230,0,129.61,0.1157609999999999,0.099419,40.606701,f,325.09,25.44,25.44,1,428.99,4,lxidpiddsbxsbosboudacockeimpuepw,21.04,1.8852358909090932e-05,4.061271333333271e-06,1.5262489924242292e-06,0,0,0,1.8852358909090932e-05,4.061271333333271e-06,1.5262489924242292e-06,1.1100320166666681e-05,2.896760166666666e-06,4.860000000000553e-10,0,0,0,1.1100320166666681e-05,2.896760166666666e-06,4.860000000000553e-10,1
0acfc92892cc39bb48fb3398a8cda11f,foosdfpfkusacimwkcsosbicdxkicaua,8345,0,0,6/30/2010,6/10/2016,6/10/2014,6/23/2015,1210.54,0,0,16.55,0.142065,0,44.31137796,f,0,27.52,27.52,1,112.04,6,lxidpiddsbxsbosboudacockeimpuepw,13.3,3.7342170606060676e-06,0,0,0.007661891,0,0,0.007665626,0,0,3.3182406666666808e-06,0,0,0,0,0,3.3182406666666808e-06,0,0,0
f1f24e9f048478c6d41fa05795b1d424,MISSING,1540,43,21,4/27/2010,4/27/2016,4/27/2010,4/28/2015,19.59,19,0,132.11,0.1169099999999999,0.100572,40.606701,t,1.83,42.48,42.48,2,2.43,6,ldkssxwpmemidmecebumciepifcamkci,17,2.1493248204545434e-05,5.2438860833332985e-06,3.935068787878819e-07,0.006434301,0.002316348,0.001029488,0.006455795,0.002321592,0.001029882,1.1100320166666681e-05,2.89676016666666e-06,4.860000000000553e-10,0,0,0,1.1100320166666681e-05,2.89676016666666e-06,4.860000000000553e-10,1
471f25ae25f8c42dbfae0bc1e76c1cd3,foosdfpfkusacimwkcsosbicdxkicaua,1644,0,0,2/3/2012,2/27/2016,12/17/2015,3/9/2015,312.66,0,28,13.8,0.182936,0,47.80087836,f,0,48.6,48.6,1,27.83,4,lxidpiddsbxsbosboudacockeimpuepw,13.856,5.2790192424242304e-06,0,0,3.490909143860595e-13,0,0,5.2790195915151445e-06,0,0,3.3182406666666172e-06,0,0,0,0,0,3.3182406666666172e-06,0,0,0
e0b40169a9075474ca8bddab6d490484,foosdfpfkusacimwkcsosbicdxkicaua,4527,0,0,4/12/2012,4/12/2016,3/9/2015,4/13/2015,676.72,0,0,16.16,0.14531,0,44.31137796,f,0,21.48,21.48,1,63.75,4,ldkssxwpmemidmecebumciepifcamkci,10.392,3.817134083333249e-06,0,0,0.007661917,0,0,0.007665734,0,0,3.318240666666551e-06,0,0,0,0,0,3.318240666666551e-06,0,0,0
3133a89333b09b9eaf541818eabf5c93,foosdfpfkusacimwkcsosbicdxkicaua,3875,0,0,7/21/2010,7/21/2016,7/21/2010,7/22/2015,577.24,0,0,18.47,0.144902,0,44.31137796,f,0,17.62,17.62,1,53.89,6,lxidpiddsbxsbosboudacockeimpuepw,12.5,3.1067614772725324e-06,0,0,0.008380226,0,0,0.008383333,0,0,1.9528214999998922e-06,0,0,0.005267621,0,0,0.005269574,0,0,0
9d566b80c46439fb4fa5d9c8eaa51f7e,foosdfpfkusacimwkcsosbicdxkicaua,8011,0,911,1/11/2010,3/9/2016,1/11/2010,3/10/2015,800.29,911,0,132.53,0.1169,0.1000149999999999,40.606701,f,89.44,37.39,37.39,1,87.02,6,kamkkxfxxuwbdslkwifmmcsiusiuosws,16.5,1.4800567515151493e-05,3.5524814242424194e-06,2.5220456590909234e-06,0.005428942,0.001954419,0.000868631,0.005443742,0.001957971,0.000871153,1.1100320166666669e-05,2.896760166666666e-06,4.860000000000553e-10,0,0,0,1.1100320166666669e-05,2.896760166666666e-06,4.860000000000553e-10,0
c30e2e4d0abce6b4db1d0280778d04d4,foosdfpfkusacimwkcsosbicdxkicaua,6569,0,1114,1/24/2012,1/24/2017,11/17/2015,1/25/2016,983.37,1114,0,16.78,0.14531,0,44.31137796,f,163.2,26.04,26.04,1,94.42,4,ldkssxwpmemidmecebumciepifcamkci,10.392,5.8639906287880324e-06,0,0,3.8181818111259284e-13,0,0,5.863991010606213e-06,0,0,3.923144566666715e-06,0,0,0,0,0,3.923144566666715e-06,0,0,0
599a07e92a3980ae637d36cd6111045f,MISSING,1175,0,177,2/17/2010,2/17/2016,2/17/2010,2/18/2015,177.21,177,0,19.34,0.146694,0,44.31137796,f,26.26,26.04,26.04,1,16.97,6,kamkkxfxxuwbdslkwifmmcsiusiuosws,10.392,6.564554446969698e-06,0.000608945,0,0.00646476,0,0,0.006471324,0.000608945,0,2.8892061666666805e-06,0,0,0.009481719,0,0,0.009484608,0,0,0
ac9033ee1d6056f4ac827d79bedcc72d,foosdfpfkusacimwkcsosbicdxkicaua,8369,0,936,1/1/2011,1/1/2017,11/18/2015,1/2/2016,1251.18,936,0,15.16,0.144152,0,44.31137796,f,136.14,34.68,34.68,1,121.33,5,lxidpiddsbxsbosboudacockeimpuepw,13.84,7.52721620454549e-06,0.001494684,0,3.490909143860595e-13,0,0,7.527216553636404e-06,0.001494684,0,5.089892166666614e-06,0.001948625,0,0,0,0,5.089892166666614e-06,0.001948625,0,0
900937b8062eaec84aa1e5f16cdfe57d,usilxuppasemubllopkaafesmlibmsdf,15295,0,1807,3/3/2012,3/3/2016,3/3/2012,3/6/2015,1313.84,1381,0,130.31,0.120372,0.103487,40.606701,f,140.32,31.32,31.32,1,156.02,4,lxidpiddsbxsbosboudacockeimpuepw,17.320999999999998,1.5457422424242437e-05,3.7207544469697068e-06,1.7770272954544877e-06,0.005428942,0.001954419,0.000868631,0.005444399,0.00195814,0.000870408,1.1100320166666622e-05,2.896760166666666e-06,4.859999999979745e-10,0,0,0,1.1100320166666622e-05,2.896760166666666e-06,4.859999999979745e-10,0
99158224050f70b152be49f14f86686b,usilxuppasemubllopkaafesmlibmsdf,18262,0,1513,4/18/2012,4/18/2016,9/16/2013,4/21/2015,1310.31,1078,0,129.59,0.118646,0.102308,40.606701,f,110.9,32.48,32.48,1,159.02,4,lxidpiddsbxsbosboudacockeimpuepw,20,1.3523704265151687e-05,3.002629719696983e-06,5.466164454545459e-06,0.006434301,0.002316348,0.001029488,0.006447825,0.002319351,0.001034954,1.11003201666669e-05,2.896760166666666e-06,4.860000000000553e-10,0,0,0,1.11003201666669e-05,2.896760166666666e-06,4.860000000000553e-10,0
6a4526450ca4ee8a2cd6709b2a627c8d,foosdfpfkusacimwkcsosbicdxkicaua,7921,0,2037,7/2/2009,7/2/2016,7/2/2009,7/4/2015,1179.04,2037,0,0,0.144902,0,44.31137796,f,298.7,18.62,18.62,1,108.67,7,ldkssxwpmemidmecebumciepifcamkci,13.2,3.1067614772725324e-06,0,0,0.008380226,0,0,0.008383333,0,0,1.9528214999998922e-06,0,0,0.005267621,0,0,0.005269574,0,0,0
da81ccd181f3283287a174f4eca547de,foosdfpfkusacimwkcsosbicdxkicaua,52988,24114,9573,9/30/2011,9/30/2016,9/30/2011,10/1/2015,4608.72,5512,0,18.37,0.143166,0,44.31137796,t,797.2,10.84,10.84,2,362.56,4,lxidpiddsbxsbosboudacockeimpuepw,12.5,4.702510878787934e-06,0,0,0.004788714,0,0,0.004793417,0,0,3.0360678666666977e-06,0,0,0.008428194,0,0,0.00843123,0,0,0
bd265cf7f018d2bea11e0cae69b493f1,foosdfpfkusacimwkcsosbicdxkicaua,1616,0,0,9/29/2009,9/29/2016,9/29/2009,9/30/2015,218.71,0,0,13.87,0.165793,0.088539,44.31137796,f,0,10.03,10.03,1,21.2,6,ldkssxwpmemidmecebumciepifcamkci,10.35,8.168659951515153e-05,1.595029606060619e-06,0,0.004788714,0,0,0.004870401,1.595029606060619e-06,0,7.900224670000001e-05,3.1311073666666744e-06,0,0.008428194,0,0,0.008507196,3.1311073666666744e-06,0,0
2c8177dd04a8d4760c8ae4630d5db435,MISSING,916711,0,66423,5/1/2010,5/1/2016,5/1/2010,5/2/2015,1013.87,0,0,19.47,0.144902,0,44.31137796,f,0,19.2,19.2,1,107.14,6,ldkssxwpmemidmecebumciepifcamkci,10.392,4.647466969697006e-06,0.000608945,0,0.008619647,0,0,0.008624295,0.000608945,0,3.637832166666706e-06,0.001217891,0,0.005267621,0,0,0.005271259,0.001217891,0,0
3beb7a9262b1e77bdd8520a546e7a579,foosdfpfkusacimwkcsosbicdxkicaua,2274,0,391,4/29/2013,4/29/2016,4/29/2013,4/30/2015,342.23,391,0,0,0.1457109999999999,0,44.31137796,f,57.66,30.98,30.98,1,35.18,3,lxidpiddsbxsbosboudacockeimpuepw,15,7.005211606060589e-06,0,0,0.007661891,0,0,0.007668897,0,0,3.3182406666666172e-06,0,0,0,0,0,3.3182406666666172e-06,0,0,0
7e6b8140b261e49bd1f6bfa03266355d,foosdfpfkusacimwkcsosbicdxkicaua,5759,0,365,11/6/2009,11/6/2016,12/4/2015,11/9/2015,593.6,0,0,13.57,0.167093,0.088449,45.81137796,f,0,18.99,18.99,1,70.63,6,kamkkxfxxuwbdslkwifmmcsiusiuosws,11.504,4.300684606060586e-06,2.7881424242424003e-07,0,0.23032871414219908,0,0,0.23033301482680513,2.7881424242424003e-07,0,3.6607338666666304e-06,5.957782666666616e-07,0,0.4378157185199997,0,0,0.4378193792538663,5.957782666666616e-07,0,0
8a03a1cb07e0c84dc84f9832eae4d23f,lmkebamcaaclubfxadlmueccxoimlema,50538,0,4168,2/24/2010,2/23/2016,11/12/2015,6/23/2015,5445.84,4168,0,132.11,0.112922,0.09781,40.606701,f,422,18.96,18.96,1,447.52,6,ldkssxwpmemidmecebumciepifcamkci,19,1.980599026515146e-05,4.772474810606066e-06,8.326496969696924e-07,0.004021438,0.001447718,0.00064343,0.004041244,0.00145249,0.000644263,1.3974845500000003e-05,3.373596699999999e-06,7.862506666666622e-08,0,0,0,1.3974845500000003e-05,3.373596699999999e-06,7.862506666666622e-08,0
fdfe279dd0446c30e15ecfab16b9002b,foosdfpfkusacimwkcsosbicdxkicaua,2769,0,0,6/18/2012,10/18/2016,12/4/2013,10/19/2015,417.34,0,0,15.15,0.147506,0,45.80687796,f,0,18.12,18.12,1,52.79,4,lxidpiddsbxsbosboudacockeimpuepw,10.4,4.775758810606049e-06,0,0,0.23457865817492587,0,0,0.23458343393373648,0,0,3.2313785666666916e-06,0,0,0.46915762139999995,0,0,0.4691608527785666,0,0,0
cf6526ff2524fb9a3663f8fca1bdf6c3,foosdfpfkusacimwkcsosbicdxkicaua,2958,0,0,11/10/2009,11/10/2016,9/18/2015,11/11/2015,445.9,0,0,17.13,0.142881,0,46.30537836,f,0,28.02,28.02,1,26.77,6,ldkssxwpmemidmecebumciepifcamkci,13.856,1.3965720460218168e-05,0,0,0.3952270912390254,0,0,0.3952410569594856,0,0,1.0087574799999915e-05,0,0,0.7904545784373633,0,0,0.7904646660121634,0,0,0
882b924b96a0a422a5930cc87673051e,foosdfpfkusacimwkcsosbicdxkicaua,1366,0,341,2/7/2012,2/25/2016,12/17/2015,2/26/2015,258.84,341,30,18.7,0.186188,0,45.80687796,f,63.83,46.32,46.32,1,17.49,4,lxidpiddsbxsbosboudacockeimpuepw,13.2,0.000163785,0.000608945,0,0.18600313581856362,0,0,0.18616692037228333,0.000608945,0,3.3182406666666172e-06,0,0,0,0,0,3.3182406666666172e-06,0,0,0
0b0da18e644bac389ba02ab23e1487ed,foosdfpfkusacimwkcsosbicdxkicaua,5994,0,800,9/10/2011,9/14/2016,9/10/2011,9/15/2015,636.86,800,0,128.89,0.1152369999999999,0.100123,40.9390266,f,82.51,25.46,25.46,1,67.31,4,lxidpiddsbxsbosboudacockeimpuepw,17.2,1.4954563787878832e-05,2.4919993560606203e-06,1.8944723863636302e-06,0.050371707,0.038011404,0.032482669671517375,0.050386662,0.038013896,0.032484564,9.624758666666688e-06,2.943237766666682e-06,2.822335499999971e-06,0.073877909,0.055750438,0.047642014,0.073887533,0.055753382,0.047644836304907574,1
88cb009b746ab1b9a55dc5efcd1cc733,foosdfpfkusacimwkcsosbicdxkicaua,10,0,0,7/2/2010,7/2/2016,6/20/2015,7/4/2015,1.09,0,0,130.45,0.114603,0.098261,40.606701,f,0,35.59,35.59,1,0.11,6,lxidpiddsbxsbosboudacockeimpuepw,26.3,3.5598022909090905e-05,1.2044751356060604e-05,5.642649924242466e-07,0.007037428,0.002533545,0.00112606,0.007073026,0.00254559,0.001126624,1.5130464000000005e-05,3.5743601666666617e-06,2.616681666666681e-07,0.004423387,0.001592576,0.000707898,0.004438517,0.00159615,0.00070816,0
778ddcb8f3092f5b501e7ae19ce228f3,lmkebamcaaclubfxadlmueccxoimlema,2288838,0,237044,5/18/2010,5/18/2016,5/18/2010,5/20/2015,1263.69,0,0,0,0.1457109999999999,0,44.31137796,f,0,21.24,21.24,1,123.56,6,kamkkxfxxuwbdslkwifmmcsiusiuosws,11.5,4.2324387500000446e-06,0,0,0.008380239,0,0,0.008384471,0,0,3.3182406666666172e-06,0,0,0,0,0,3.3182406666666172e-06,0,0,0
0019baf3ed1242cd99b3cb592030446f,foosdfpfkusacimwkcsosbicdxkicaua,528,0,150,1/21/2013,1/21/2017,1/21/2013,1/22/2016,142.05,150,0,18.37,0.273963,0,59.26637796,f,41.27,197.28,197.28,1,65.99,3,lxidpiddsbxsbosboudacockeimpuepw,13.15,0.001231134,0,0,18.60029782690946,0,0,18.601528960943483,0,0,3.318240666666734e-06,0,0,0,0,0,3.318240666666734e-06,0,0,1
616018ccf121480488737b3823361d1a,usilxuppasemubllopkaafesmlibmsdf,4043,14289,357,6/17/2013,6/17/2016,7/5/2013,6/23/2015,416.31,357,0,143.41,0.1169099999999999,0.100572,40.606701,t,35.61,29.85,29.85,2,48.81,3,lxidpiddsbxsbosboudacockeimpuepw,16.5,2.3240191356060782e-05,5.5421840833333354e-06,4.3457836363636236e-07,0.007238536,0.002605915,0.001158208,0.007261776,0.002611458,0.001158643,1.1100320166666681e-05,2.89676016666666e-06,4.860000000000553e-10,0,0,0,1.1100320166666681e-05,2.89676016666666e-06,4.860000000000553e-10,0
c84ec3bd5e20182784b1b971be72c299,lmkebamcaaclubfxadlmueccxoimlema,50243,28066,0,4/18/2011,4/18/2016,4/18/2011,4/19/2015,1429.06,0,0,19.61,0.146694,0,44.31137796,t,0,27.32,27.32,3,141.34,5,kamkkxfxxuwbdslkwifmmcsiusiuosws,13.2,5.3957010606060655e-06,0,0,0.007661891,0,0,0.007667287,0,0,3.3182406666666172e-06,0,0,0,0,0,3.3182406666666172e-06,0,0,0
d263e956a4b3d8522299e10714087894,foosdfpfkusacimwkcsosbicdxkicaua,13561,277,2741,8/17/2012,8/17/2016,8/17/2012,8/18/2015,1997.35,2741,0,18.07,0.143166,0,44.31137796,t,397.57,11.7,11.7,2,152.17,3,lxidpiddsbxsbosboudacockeimpuepw,11,4.0976476060606345e-06,0,0,0.007661943,0,0,0.007666041,0,0,2.629133466666686e-06,0,0,0.008428194,0,0,0.008430823,0,0,0
2c75c74a7c0f2651b3ae5ec830c34b8f,foosdfpfkusacimwkcsosbicdxkicaua,1845,0,310,11/11/2009,11/11/2016,9/19/2015,11/12/2015,273.33,310,0,16.26,0.142881,0,46.30537836,f,44.81,28.02,28.02,1,21.61,6,kamkkxfxxuwbdslkwifmmcsiusiuosws,13.856,1.4826568204545393e-05,0,0,0.3952271308349967,0,0,0.3952419574032013,0,0,3.163824699999851e-06,0,0,0.7904545784373633,0,0,0.7904577422620633,0,0,0
30056ab231d545b01bf64a4afee54001,foosdfpfkusacimwkcsosbicdxkicaua,13379,0,0,7/30/2012,7/30/2016,10/30/2013,7/31/2015,852.32,0,0,18.32,0.1457109999999999,0,44.31137796,f,0,17.62,17.62,1,86.03,4,lxidpiddsbxsbosboudacockeimpuepw,12.5,4.593264696969694e-06,0.000608945,0,0.007661943,0,0,0.007666536,0.000608945,0,3.167822266666669e-06,0.001217891,0,0.008428194,0,0,0.008431362,0.001217891,0,0
f1bc4ec5aa7efda1226655623274648a,MISSING,2123,0,0,9/17/2009,9/17/2016,9/17/2009,9/18/2015,316.47,0,0,16.44,0.144902,0,44.31137796,f,0,12.82,12.82,1,29.17,6,ldkssxwpmemidmecebumciepifcamkci,13.2,4.024733719696758e-06,0,0,0.006464779,0,0,0.006468804,0,0,2.714893366666558e-06,0,0,0.009481719,0,0,0.009484433,0,0,0
cfe53ea9433504883086fc113f19bf3d,lmkebamcaaclubfxadlmueccxoimlema,1676,0,131,10/22/2009,10/25/2016,9/20/2015,10/27/2015,26.77,38,0,133.73,0.1153599999999999,0.100243,41.27136420000001,f,3.74,37.44,37.44,1,3.28,6,kamkkxfxxuwbdslkwifmmcsiusiuosws,15.001,3.041920493181773e-05,9.342001537878823e-06,1.075692424242416e-06,0.10427342963339926,0.08853556,0.081149151,0.10430384883833108,0.088544902,0.081150227,2.166992669999958e-05,6.7274433666666684e-06,1.3628966666666582e-06,0.18352043975270443,0.155823124,0.14282363057510397,0.18354210967940443,0.15582985099767166,0.14282499347177063,1
2377643ffe1711ed3a6f107d6846aa22,MISSING,18725,0,0,10/26/2010,10/25/2016,10/26/2010,10/28/2015,413.38,0,0,14.62,0.147506,0,45.80687796,f,0,26.2,26.2,1,50.78,5,kamkkxfxxuwbdslkwifmmcsiusiuosws,15,4.242075818181815e-06,0,0,0.4265069285454541,0,0,0.42651117062127225,0,0,3.01065720000002e-06,0,0,0.7506521942400015,0,0,0.7506552048972015,0,0,0
0d933e7fe322dea60b3a4e9dfbfee9d8,foosdfpfkusacimwkcsosbicdxkicaua,41588,0,5111,10/3/2012,10/3/2016,9/18/2015,10/4/2015,4353.28,5111,0,141.68,0.115939,0.100823,40.606701,f,520.17,5.76,5.76,1,527.27,3,ldkssxwpmemidmecebumciepifcamkci,17.320999999999998,5.564447681818177e-05,3.6964497515151507e-05,0.000464963,1.1194476851832003,49.478029276102184,21.990237622465635,1.1195033296600185,49.47806624,21.990702585590203,0.000113749,5.2407817766666654e-05,0.000921027,2.170223105831769,99.21455831677278,44.09535937702542,2.1703368547435358,99.21461072459054,44.096280403718886,0
bf3c67d9664f3459e6e04e607a507e64,foosdfpfkusacimwkcsosbicdxkicaua,23481,7913,0,8/1/2009,8/1/2016,8/1/2009,8/2/2015,2560.4,0,0,16.49,0.1640569999999999,0.086803,44.31137796,t,0,14.7,14.7,2,194.14,6,kamkkxfxxuwbdslkwifmmcsiusiuosws,13.856,3.8775606060607445e-06,7.842429924242491e-07,0,0.007661943,0,0,0.007665821,7.842429924242491e-07,0,2.5645266666666977e-06,1.153984166666659e-06,0,0.008428194,0,0,0.008430759,1.153984166666659e-06,0,0
987a0a5e856d2185db60c718da435160,lmkebamcaaclubfxadlmueccxoimlema,535973,147192,65016,5/13/2010,5/13/2016,5/13/2010,5/18/2015,1687.23,1651,0,16.11,0.1646369999999999,0.087381,44.31137796,t,180.55,17.22,17.22,2,165.61,6,kamkkxfxxuwbdslkwifmmcsiusiuosws,10.392,2.794997537878784e-06,4.090358446969696e-06,0,0.008380194,0,0,0.008382989,4.090358446969696e-06,0,3.5697306666666378e-06,9.450150000000092e-08,0,0,0,0,3.5697306666666378e-06,9.450150000000092e-08,0,0
085b7eec474bd25f8140577833f0a6ac,ewpakwlliwisiwduibdlfmalxowmwpci,76233,0,7612,12/7/2011,12/7/2016,11/1/2015,12/8/2015,3844.96,4676,0,16.27,0.143478,0,44.31137796,f,671.99,2.8,2.8,1,294.93,4,kamkkxfxxuwbdslkwifmmcsiusiuosws,10.392,6.172927356060794e-06,0,0,0,0,0,6.172927356060794e-06,0,0,3.937993366666827e-06,0,0,0,0,0,3.937993366666827e-06,0,0,0
4c14c36a57ab73b4b800fc995d3beb73,foosdfpfkusacimwkcsosbicdxkicaua,35055,0,6003,5/28/2012,5/28/2016,4/23/2014,6/3/2015,5154.28,6003,0,13.83,0.143166,0,44.31137796,f,869.45,21.81,21.81,1,454.73,4,lxidpiddsbxsbosboudacockeimpuepw,13.15,3.938260242424206e-06,0,0,0,0,0,3.938260242424206e-06,0,0,3.318240666666697e-06,0,0,0,0,0,3.318240666666697e-06,0,0,0
373fb825c489645f221952db53e35a60,MISSING,9219,0,2740,9/4/2009,9/4/2016,7/12/2015,9/5/2015,841.26,2740,0,16.86,0.16464,0.087382,44.31137796,f,247.16,10.08,10.08,1,98.01,6,kamkkxfxxuwbdslkwifmmcsiusiuosws,10.392,4.794763537878889e-06,2.270039151515135e-06,0,0.00646476,0,0,0.006469554,2.270039151515135e-06,0,3.297889766666566e-06,4.6309826999999955e-06,0,0.009481719,0,0,0.009485016,4.6309826999999955e-06,0,0
c94671d9f76a07fe541480bc62edb60a,MISSING,4394,0,0,4/8/2011,4/8/2016,4/8/2011,4/12/2015,557.05,0,0,40.69,0.164635,0.086741,44.31137796,t,0,27.32,27.32,3,49.33,5,kamkkxfxxuwbdslkwifmmcsiusiuosws,13.2,4.422846424242665e-06,1.0292533560605936e-06,0,0.007661891,0,0,0.007666314,1.0292533560605936e-06,0,3.5697306666668025e-06,9.450149999999311e-08,0,0,0,0,3.5697306666668025e-06,9.450149999999311e-08,0,0
8dcf72174797ae1837d423396bbb7e98,lmkebamcaaclubfxadlmueccxoimlema,1899670,0,218019,7/1/2010,7/1/2016,7/1/2010,7/4/2015,5249.29,0,0,44.53,0.1646369999999999,0.087381,44.31137796,f,0,16.66,16.66,1,453.85,6,kamkkxfxxuwbdslkwifmmcsiusiuosws,13.2,3.893100771969695e-05,3.365572083333362e-06,0,0.008380258,0,0,0.008419189,3.365572083333362e-06,0,3.988681666666538e-07,2.253388166666656e-06,0,0.005267621,0,0,0.00526802,2.253388166666656e-06,0,0
b80d271d99d6f7196ef6b591cc99930c,MISSING,8471,0,0,12/7/2009,12/7/2016,10/17/2014,12/8/2015,868.97,0,0,15.98,0.146348,0,45.30837756,f,0,15.12,15.12,1,84.58,6,kamkkxfxxuwbdslkwifmmcsiusiuosws,13.2,4.0612656060605835e-06,0,0,2.94545456505995e-13,0,0,4.06126590060604e-06,0,0,3.0629026666666692e-06,0,0,0,0,0,3.0629026666666692e-06,0,0,0
3c4ee938001975a4d07cf27a54de433c,MISSING,39375,0,3197,1/22/2010,1/22/2017,12/16/2015,1/24/2016,1366.21,944,0,132.5,0.1128599999999999,0.095969,40.606701,f,92.4,40.8,40.8,1,141.86,6,kamkkxfxxuwbdslkwifmmcsiusiuosws,20.4,2.6166217356060616e-05,1.0189175787878754e-05,3.0082211742424282e-06,3.4363636433613883e-12,1.848000001321932e-12,8.797090905166813e-12,2.616622079242426e-05,1.0189177635878754e-05,3.0082299713333335e-06,1.9790521500000036e-05,9.489468166666636e-06,4.41448866666667e-06,0,0,0,1.9790521500000036e-05,9.489468166666636e-06,4.41448866666667e-06,0
054a060473c4f11a08dcdb183f9be82d,lmkebamcaaclubfxadlmueccxoimlema,1679,0,131,11/3/2009,3/17/2016,3/17/2015,12/18/2014,328.61,131,30,17.58,0.19923,0,45.80687796,f,26.37,43.8,43.8,2,18.55,6,lxidpiddsbxsbosboudacockeimpuepw,12.5,0.000402498,0,0,0.37005596,0,0,0.3704584580746307,0,0,2.7906058666666877e-06,0,0,0.010132526519999584,0,0,0.010135317125866251,0,0,0
5e8b2c437090e22ffe168d19c3aa79eb,lmkebamcaaclubfxadlmueccxoimlema,170442,0,29580,6/3/2010,6/3/2016,6/3/2010,6/21/2015,737.23,74,0,9.65,0.1457109999999999,0,44.31137796,f,10.89,22.44,22.44,1,83.38,6,kamkkxfxxuwbdslkwifmmcsiusiuosws,13.8,4.001166969696951e-06,0,0,0.008619647,0,0,0.008623648,0,0,3.3182406666666172e-06,0,0,0,0,0,3.3182406666666172e-06,0,0,0
6c13700b7435b2547163d04008bf3975,MISSING,2374,0,0,12/2/2009,12/2/2016,12/2/2009,12/3/2015,356.98,0,0,16,0.146348,0,46.30537836,f,0,20.54,20.54,1,34.12,6,kamkkxfxxuwbdslkwifmmcsiusiuosws,10.392,5.2790192424242304e-06,0,0,3.490909143860595e-13,0,0,5.2790195915151445e-06,0,0,3.3182406666666172e-06,0,0,0,0,0,3.3182406666666172e-06,0,0,0
f451b7678fe549050ed1df7e41a57f1d,MISSING,9818,0,1477,3/30/2004,3/30/2016,3/30/2004,3/31/2015,966.06,1477,0,131.79,0.115174,0.098837,40.606701,f,141.84,94.2,94.2,1,105.37,12,ldkssxwpmemidmecebumciepifcamkci,37.71,1.7229750628787755e-05,4.055422424242292e-06,3.796720363636347e-06,0.005428942,0.001954419,0.000868631,0.005446171,0.001958474,0.000872427,1.1100320166666681e-05,2.896760166666548e-06,4.860000000000553e-10,0,0,0,1.1100320166666681e-05,2.896760166666548e-06,4.860000000000553e-10,0
839492301e7c2d24c02c89315f307e39,usilxuppasemubllopkaafesmlibmsdf,2206,0,62,1/20/2012,8/26/2016,8/26/2014,8/27/2015,274.3,62,0,14.05,0.161165,0.083909,44.31137796,f,7.51,26.04,26.04,1,30.35,4,lxidpiddsbxsbosboudacockeimpuepw,10.392,2.3665380606059603e-06,1.059051174242485e-06,0,0.00766193,0,0,0.007664297,1.059051174242485e-06,0,2.143631466666677e-06,1.5013025666667226e-06,0,0.008428194,0,0,0.008430338,1.5013025666667226e-06,0,1
408e0c75cd8f58197c06edb73428bb0d,foosdfpfkusacimwkcsosbicdxkicaua,3118110,468369,289924,2/1/2012,2/1/2016,2/1/2012,2/9/2015,3269.76,3690,0,39.77,0.1186359999999999,0.10175,40.606701,t,353.43,24,24,2,387.56,4,lxidpiddsbxsbosboudacockeimpuepw,16,8.898096245454546e-05,8.948459571969642e-05,0.001150487,2.801678371946607,121.17581923952761,53.85591553166558,2.801767352909062,121.17590872412333,53.857066018830025,0.000149293,9.43801178999996e-05,0.001507229,3.652555311939318,157.9773491107334,70.21213439055421,3.6527046049762846,157.9774434908513,70.21364161967968,0
6179f9b2f03fe9aaceb4f82e67d0842a,MISSING,0,0,0,5/5/2011,5/5/2016,5/5/2011,5/6/2015,0,0,0,131.42,0.1169099999999999,0.100572,40.606701,f,0,31.26,31.26,1,0,5,ldkssxwpmemidmecebumciepifcamkci,17.25,2.238087651515152e-05,5.394652083333298e-06,4.2698390151515897e-07,0.007037517,0.002533506,0.001126003,0.007059898,0.002538901,0.00112643,1.1100320166666681e-05,2.89676016666666e-06,4.860000000000553e-10,0,0,0,1.1100320166666681e-05,2.89676016666666e-06,4.860000000000553e-10,0
08c71e940a19496b078df652dcaa3e98,MISSING,2002,0,0,4/6/2010,4/6/2016,4/6/2010,4/8/2015,303.09,0,0,16.79,0.146694,0,44.31137796,f,0,21.38,21.38,1,31.06,6,kamkkxfxxuwbdslkwifmmcsiusiuosws,10.35,5.3957010606060655e-06,0,0,0.007661891,0,0,0.007667287,0,0,3.3182406666666172e-06,0,0,0,0,0,3.3182406666666172e-06,0,0,0
1eb6d6268118c75576a55f49a66b8c57,MISSING,4664,0,0,12/29/2009,12/29/2016,11/1/2015,12/30/2015,696.93,0,0,18.47,0.144038,0,45.81137796,f,0,19.52,19.52,1,57.34,6,lxidpiddsbxsbosboudacockeimpuepw,12.5,8.26402578787878e-06,0,0,3.490909143860595e-13,0,0,8.264026136969693e-06,0,0,6.104544666666635e-06,0,0,0,0,0,6.104544666666635e-06,0,0,0
9c19c00c6d3dc0b8ad7a180c6ca03672,foosdfpfkusacimwkcsosbicdxkicaua,14878,0,0,10/14/2009,10/14/2016,10/14/2009,10/15/2015,932.03,0,0,15.98,0.146348,0,45.80687796,f,0,18.12,18.12,1,88.02,6,kamkkxfxxuwbdslkwifmmcsiusiuosws,10.392,4.442241545454527e-06,0,0,0.42650674551520174,0,0,0.4265111877567472,0,0,2.9870699999999604e-06,0,0,0.7506521942400015,0,0,0.7506551813100015,0,0,0
cf8c5db0c02e3f92592daccba41c918c,foosdfpfkusacimwkcsosbicdxkicaua,35323,20175,4444,4/27/2012,3/23/2016,6/20/2014,3/25/2015,4651.56,4444,24,142.4,0.148299,0.125137,41.1052014,t,591.62,144.35,144.35,2,606.29,4,lxidpiddsbxsbosboudacockeimpuepw,43.6,9.268685333333152e-06,5.985415174242442e-06,1.857769933333334e-05,0.00721136,0.002638236,0.00119618,0.007220629,0.002644221,0.001214758,1.1100320166666323e-05,2.896760166666632e-06,4.860000000000553e-10,0,0,0,1.1100320166666323e-05,2.896760166666632e-06,4.860000000000553e-10,0
913bb512f7ca698b02149c9189c7c606,foosdfpfkusacimwkcsosbicdxkicaua,23654,0,0,5/16/2013,5/16/2016,4/15/2014,5/20/2015,2422.65,0,0,130.85,0.1169099999999999,0.100572,40.606701,f,0,23.4,23.4,1,322.93,3,lxidpiddsbxsbosboudacockeimpuepw,22,1.682298033333349e-05,3.1309195378787497e-06,2.831827333333357e-06,0,0,0,1.682298033333349e-05,3.1309195378787497e-06,2.831827333333357e-06,1.1100320166666681e-05,2.89676016666666e-06,4.860000000000553e-10,0,0,0,1.1100320166666681e-05,2.89676016666666e-06,4.860000000000553e-10,0
6813b5d674d951ff92baf485658f5ce7,lmkebamcaaclubfxadlmueccxoimlema,1563319,0,17616,4/7/2010,4/7/2016,4/7/2010,4/8/2015,975.54,0,0,0,0.146694,0,44.31137796,t,0,27.32,27.32,2,103.34,6,kamkkxfxxuwbdslkwifmmcsiusiuosws,13.2,5.3957010606060655e-06,0,0,0.007661891,0,0,0.007667287,0,0,3.3182406666666172e-06,0,0,0,0,0,3.3182406666666172e-06,0,0,0
1da8be069526d166b7cfd15284c68873,lmkebamcaaclubfxadlmueccxoimlema,1740024,0,222684,5/1/2010,5/1/2016,5/1/2010,5/2/2015,2705.19,4443,0,16.56,0.161454,0.084198,44.31137796,f,484.44,22.95,22.95,1,258.44,6,kamkkxfxxuwbdslkwifmmcsiusiuosws,13.856,6.892939999999891e-06,2.404378787878752e-07,0,0.008380194,0,0,0.008387087,2.404378787878752e-07,0,3.5697306666666378e-06,9.450150000000092e-08,0,0,0,0,3.5697306666666378e-06,9.450150000000092e-08,0,0
c6e395b4ce0f5400b8de1bf1a4d4b571,foosdfpfkusacimwkcsosbicdxkicaua,8570,0,0,6/10/2010,6/10/2016,4/29/2015,6/14/2015,1276.28,0,0,18.71,0.14398,0,44.31137796,f,0,16.92,16.92,1,114.66,6,lxidpiddsbxsbosboudacockeimpuepw,10.392,6.055520992424238e-06,0,0,0.008619647,0,0,0.008625703,0,0,3.318240666666709e-06,0,0,0,0,0,3.318240666666709e-06,0,0,0
7d887f3330110231b51aad27f2ded024,ewpakwlliwisiwduibdlfmalxowmwpci,4936,0,793,1/26/2011,1/26/2017,1/26/2011,1/27/2016,0.15,0,0,19.54,0.146694,0,44.31137796,f,0,25.92,25.92,1,0.03,5,kamkkxfxxuwbdslkwifmmcsiusiuosws,10.35,5.551029424242396e-06,0,0,3.8181818111259284e-13,0,0,5.551029806060577e-06,0,0,3.318240666666697e-06,0,0,0,0,0,3.318240666666697e-06,0,0,0
61b8d915f76bf6ab25dcf097e5384366,usilxuppasemubllopkaafesmlibmsdf,10450,0,1978,8/9/2012,8/9/2016,10/30/2013,8/10/2015,1564.01,1978,0,6.51,0.1457109999999999,0,44.31137796,f,291.32,11.7,11.7,1,141.83,3,lxidpiddsbxsbosboudacockeimpuepw,11,4.080502272727274e-06,0,0,0.00766193,0,0,0.007666011,0,0,2.620089999999969e-06,0,0,0.008428194,0,0,0.008430814,0,0,0
71437410625520c4e4cc494f113275ee,foosdfpfkusacimwkcsosbicdxkicaua,6060,0,1232,7/29/2009,7/29/2016,7/29/2009,7/31/2015,901.19,1232,0,25.33,0.144902,0,44.31137796,f,180.61,19.04,19.04,1,87,7,lxidpiddsbxsbosboudacockeimpuepw,13.5,3.1067614772725324e-06,0,0,0.008380226,0,0,0.008383333,0,0,1.9528214999998922e-06,0,0,0.005267621,0,0,0.005269574,0,0,0
748d53b07e0be39a7080ebdc1bfb498e,MISSING,4244,3468,0,2/2/2010,2/2/2016,12/15/2015,2/3/2015,641.08,0,0,16.1,0.143227,0,44.31137796,t,0,26.04,26.04,3,66.14,6,kamkkxfxxuwbdslkwifmmcsiusiuosws,10.392,8.521984931818211e-06,0,0,2.94545456505995e-13,0,0,8.521985226363668e-06,0,0,6.34129136666671e-06,0,0,0,0,0,6.34129136666671e-06,0,0,0
22c33086af3c686662c232fe9064cc75,lmkebamcaaclubfxadlmueccxoimlema,834128,0,113655,7/16/2010,7/16/2016,7/16/2010,7/17/2015,1302.75,2053,0,16.09,0.1646369999999999,0.087381,44.31137796,f,230.6,16.66,16.66,4,150.39,6,kamkkxfxxuwbdslkwifmmcsiusiuosws,13.2,6.345629924242368e-07,3.5849357196969568e-06,0,0.008380226,0,0,0.008380861,3.5849357196969568e-06,0,3.988681666666538e-07,2.253388166666656e-06,0,0.005267621,0,0,0.00526802,2.253388166666656e-06,0,0
